Top,Bottom,Shoes,Accessories,Style,SkinTone
Oversized Beige Hoodie,Black Cargo Jeans,White Chunky Sneakers,Silver Chain,Streetwear,Warm
Cream Knit Sweater,Blue Straight Fit Jeans,White Sneakers,Minimal Watch,Casual,Neutral
Black Oversized T-shirt,Relaxed Grey Jeans,High Top Sneakers,Black Cap,Streetwear,Cool
Olive Bomber Jacket,Slim Fit Black Jeans,Leather Boots,Leather Watch,Old Money,Warm
White Linen Shirt,Beige Trousers,Loafers,Silver Bracelet,Minimal,Neutral
Lavender Hoodie,Wide Leg Jeans,Chunky Sneakers,Rings,Soft Aesthetic,Cool
Brown Oversized Sweatshirt,Relaxed Fit Jeans,Nike Sneakers,Chain Necklace,Streetwear,Warm
Black Turtleneck,Grey Formal Pants,Chelsea Boots,Luxury Watch,Old Money,Cool
Cream Oversized Tee,Cargo Pants,Running Shoes,Crossbody Bag,Casual,Neutral
Mustard Sweater,Dark Blue Jeans,White Sneakers,Gold Watch,Warm Fashion,Warm
White Crop Hoodie,Parachute Pants,Chunky Shoes,Mini Handbag,Y2K,Cool
Grey Blazer,Black Slim Fit Trousers,Formal Shoes,Silver Watch,Formal,Cool
Olive Hoodie,Baggy Cargo Pants,High Top Jordans,Black Rings,Streetwear,Warm
Beige Sweater Vest,White Trousers,Loafers,Pearl Chain,Soft Girl,Neutral
Black Leather Jacket,Ripped Jeans,Combat Boots,Chain Bracelet,Rockstar,Cool
Cream Cardigan,Wide Leg Pants,Sneakers,Tote Bag,Korean Fashion,Neutral
Dark Brown Jacket,Black Cargo Jeans,Boots,Leather Bracelet,Old Money,Warm
White Oversized Shirt,Blue Baggy Jeans,Nike Air Force,Cap,Streetwear,Neutral
Black Hoodie,Grey Cargo Pants,Chunky Sneakers,Silver Chain,Techwear,Cool
Earth Tone Sweater,Relaxed Trousers,Minimal Sneakers,Classic Watch,Minimal,Warm
Navy Blue Polo,Khaki Chinos,Boat Shoes,Bracelet,Smart Casual,Neutral
Oversized Graphic Tee,Distressed Jeans,Skate Shoes,Bucket Hat,Skater,Cool
Beige Hoodie,White Joggers,Sneakers,Smart Watch,Athleisure,Neutral
Rust Brown Jacket,Slim Black Jeans,Boots,Gold Chain,Urban Fashion,Warm
White Satin Shirt,Black Trousers,Formal Loafers,Silver Rings,Luxury Minimal,Cool
Grey Sweatshirt,Cargo Joggers,Sport Sneakers,Cap,Sportswear,Neutral
Olive Green Shirt,Dark Cargo Pants,Leather Sneakers,Bracelet,Military Aesthetic,Warm
Black Oversized Blazer,Wide Leg Pants,Platform Shoes,Designer Bag,High Fashion,Cool
Cream Hoodie,Relaxed Denim Jeans,Chunky Sneakers,Silver Necklace,Casual Minimal,Neutral
Tan Trench Coat,Black Straight Jeans,Boots,Luxury Watch,Classic Fashion,Warm
